{
    "status": "success",
    "data": {
      "resultType": "matrix",
      "result": [
        {
          "metric": {
            "Application": "Oz",
            "Env": "Mongo",
            "__name__": "mongodb_connections",
            "host": "xxxxxxxxxx",
            "instance": "xxxxxxxx:9131",
            "job": "mongo_shard1",
            "shard": "replicaSet1",
            "state": "current"
          },
          "values": [
            [
              1592165430.781,
              "94"
            ],
            [
              1592165490.781,
              "81"
            ],
            [
              1592165550.781,
              "80"
            ],
            [
              1592165610.781,
              "80"
            ],
            [
              1592165670.781,
              "80"
            ],
            [
              1592165730.781,
              "90"
            ],
            [
              1592165790.781,
              "80"
            ],
            [
              1592165850.781,
              "80"
            ],
            [
              1592165910.781,
              "80"
            ],
            [
              1592165970.781,
              "80"
            ],
            [
              1592166030.781,
              "93"
            ],
            [
              1592166090.781,
              "88"
            ],
            [
              1592166150.781,
              "80"
            ],
            [
              1592166210.781,
              "80"
            ],
            [
              1592166270.781,
              "80"
            ],
            [
              1592166330.781,
              "96"
            ],
            [
              1592166390.781,
              "82"
            ],
            [
              1592166450.781,
              "80"
            ],
            [
              1592166510.781,
              "80"
            ],
            [
              1592166570.781,
              "80"
            ],
            [
              1592166630.781,
              "109"
            ],
            [
              1592166690.781,
              "89"
            ],
            [
              1592166750.781,
              "80"
            ],
            [
              1592166810.781,
              "80"
            ],
            [
              1592166870.781,
              "80"
            ],
            [
              1592166930.781,
              "99"
            ],
            [
              1592166990.781,
              "85"
            ],
            [
              1592167050.781,
              "80"
            ],
            [
              1592167110.781,
              "80"
            ],
            [
              1592167170.781,
              "80"
            ],
            [
              1592167230.781,
              "104"
            ],
            [
              1592167290.781,
              "81"
            ],
            [
              1592167350.781,
              "80"
            ],
            [
              1592167410.781,
              "80"
            ],
            [
              1592167470.781,
              "80"
            ],
            [
              1592167530.781,
              "95"
            ],
            [
              1592167590.781,
              "83"
            ],
            [
              1592167650.781,
              "80"
            ],
            [
              1592167710.781,
              "80"
            ],
            [
              1592167770.781,
              "80"
            ],
            [
              1592167830.781,
              "97"
            ],
            [
              1592167890.781,
              "85"
            ],
            [
              1592167950.781,
              "80"
            ],
            [
              1592168010.781,
              "80"
            ],
            [
              1592168070.781,
              "80"
            ],
            [
              1592168130.781,
              "88"
            ],
            [
              1592168190.781,
              "84"
            ],
            [
              1592168250.781,
              "85"
            ],
            [
              1592168310.781,
              "80"
            ],
            [
              1592168370.781,
              "80"
            ],
            [
              1592168430.781,
              "102"
            ],
            [
              1592168490.781,
              "86"
            ],
            [
              1592168550.781,
              "80"
            ],
            [
              1592168610.781,
              "80"
            ],
            [
              1592168670.781,
              "80"
            ],
            [
              1592168730.781,
              "107"
            ],
            [
              1592168790.781,
              "80"
            ],
            [
              1592168850.781,
              "80"
            ],
            [
              1592168910.781,
              "80"
            ],
            [
              1592168970.781,
              "80"
            ],
            [
              1592169030.781,
              "99"
            ]
          ]
        }
      ]
    }
  }